Items;rec1;rec2;rec3;rec4;rec5
Harry Potter 2 und die Kammer des Schreckens;Harry Potter 4 und der Feuerkelch. Taschenbuch;Harry Potter 6 und der Halbblutprinz;Harry Potter 5 und der Orden des Phönix;Harry Potter 3 und der Gefangene von Askaban;Harry Potter 7 und die Heiligtümer des Todes
Harry Potter 4 und der Feuerkelch. Taschenbuch;Harry Potter 2 und die Kammer des Schreckens;Harry Potter 6 und der Halbblutprinz;Harry Potter 5 und der Orden des Phönix;Harry Potter 3 und der Gefangene von Askaban;Harry Potter 7 und die Heiligtümer des Todes
Harry Potter 6 und der Halbblutprinz;Harry Potter 2 und die Kammer des Schreckens;Harry Potter 4 und der Feuerkelch. Taschenbuch;Harry Potter 5 und der Orden des Phönix;Harry Potter 3 und der Gefangene von Askaban;Harry Potter 7 und die Heiligtümer des Todes
Harry Potter 5 und der Orden des Phönix;Harry Potter 2 und die Kammer des Schreckens;Harry Potter 4 und der Feuerkelch. Taschenbuch;Harry Potter 6 und der Halbblutprinz;Harry Potter 3 und der Gefangene von Askaban;Harry Potter 7 und die Heiligtümer des Todes
Harry Potter 3 und der Gefangene von Askaban;Harry Potter 2 und die Kammer des Schreckens;Harry Potter 4 und der Feuerkelch. Taschenbuch;Harry Potter 6 und der Halbblutprinz;Harry Potter 5 und der Orden des Phönix;Harry Potter 7 und die Heiligtümer des Todes
Harry Potter 7 und die Heiligtümer des Todes;Harry Potter 2 und die Kammer des Schreckens;Harry Potter 4 und der Feuerkelch. Taschenbuch;Harry Potter 6 und der Halbblutprinz;Harry Potter 5 und der Orden des Phönix;Harry Potter 3 und der Gefangene von Askaban
Harry Potter 1 und der Stein der Weisen;Harry Potter 2 und die Kammer des Schreckens;Harry Potter 6 und der Halbblutprinz;Harry Potter 5 und der Orden des Phönix;Harry Potter 3 und der Gefangene von Askaban;Harry Potter 7 und die Heiligtümer des Todes
Throne of Glass 5 - Die Sturmbezwingerin;Throne of Glass 06 - Der verwundete Krieger;Throne of Glass 2 - Kriegerin im Schatten;Throne of Glass 4 - Königin der Finsternis;Throne of Glass 7 - Herrscherin über Asche und Zorn;Throne of Glass 3 - Erbin des Feuers
Throne of Glass 06 - Der verwundete Krieger;Throne of Glass 5 - Die Sturmbezwingerin;Throne of Glass 2 - Kriegerin im Schatten;Throne of Glass 4 - Königin der Finsternis;Throne of Glass 7 - Herrscherin über Asche und Zorn;Throne of Glass 3 - Erbin des Feuers
Throne of Glass 2 - Kriegerin im Schatten;Throne of Glass 5 - Die Sturmbezwingerin;Throne of Glass 06 - Der verwundete Krieger;Throne of Glass 4 - Königin der Finsternis;Throne of Glass 7 - Herrscherin über Asche und Zorn;Throne of Glass 3 - Erbin des Feuers
Throne of Glass 4 - Königin der Finsternis;Throne of Glass 5 - Die Sturmbezwingerin;Throne of Glass 06 - Der verwundete Krieger;Throne of Glass 2 - Kriegerin im Schatten;Throne of Glass 7 - Herrscherin über Asche und Zorn;Throne of Glass 3 - Erbin des Feuers
Throne of Glass 7 - Herrscherin über Asche und Zorn;Throne of Glass 5 - Die Sturmbezwingerin;Throne of Glass 06 - Der verwundete Krieger;Throne of Glass 2 - Kriegerin im Schatten;Throne of Glass 4 - Königin der Finsternis;Throne of Glass 3 - Erbin des Feuers
Throne of Glass 3 - Erbin des Feuers;Throne of Glass 5 - Die Sturmbezwingerin;Throne of Glass 06 - Der verwundete Krieger;Throne of Glass 2 - Kriegerin im Schatten;Throne of Glass 4 - Königin der Finsternis;Throne of Glass 7 - Herrscherin über Asche und Zorn
Das Schwert der Vorsehung;Die Dame vom See;Der Schwalbenturm;Das Erbe der Elfen;Feuertaufe;Der letzte Wunsch
Der letzte Wunsch;Der Schwalbenturm;Zeit des Sturms;Die Zeit der Verachtung;Das Erbe der Elfen;Feuertaufe
Feuertaufe;Die Dame vom See;Zeit des Sturms;Die Zeit der Verachtung;Das Schwert der Vorsehung;Der letzte Wunsch
Zeit des Sturms;Die Dame vom See;Der Schwalbenturm;Das Schwert der Vorsehung;Das Erbe der Elfen;Der letzte Wunsch
Der Schwalbenturm;Die Dame vom See;Die Zeit der Verachtung;Das Schwert der Vorsehung;Das Erbe der Elfen;Feuertaufe
Die Dame vom See;Der Schwalbenturm;Zeit des Sturms;Das Schwert der Vorsehung;Das Erbe der Elfen;Der letzte Wunsch
Die Zeit der Verachtung;Die Dame vom See;Zeit des Sturms;Das Erbe der Elfen;Feuertaufe;Der letzte Wunsch
Das Erbe der Elfen;Die Dame vom See;Der Schwalbenturm;Zeit des Sturms;Die Zeit der Verachtung;Das Schwert der Vorsehung
Die Chroniken der Meerjungfrau - Der Fluch der Wellen;Die Chroniken von Rotkäppchen - Allein im tiefen, tiefen Wald;Die Chroniken von Peter Pan - Albtraum im Nimmerland;;;
Die Chroniken von Rotkäppchen - Allein im tiefen, tiefen Wald;Die Chroniken der Meerjungfrau - Der Fluch der Wellen;Die Chroniken von Peter Pan - Albtraum im Nimmerland;;;
Die Chroniken von Peter Pan - Albtraum im Nimmerland;Die Chroniken der Meerjungfrau - Der Fluch der Wellen;Die Chroniken von Rotkäppchen - Allein im tiefen, tiefen Wald;;;
Der Palast im Himmel;Das Haus der tausend Räume;Das wandelnde Schloss;;;
Sister of the Moon;Sister of the Stars;Sister of the Night;;;
Die Chroniken von Alice - Dunkelheit im Spiegelland;Die Chroniken der Meerjungfrau - Der Fluch der Wellen;Die Chroniken von Rotkäppchen - Allein im tiefen, tiefen Wald;;;
Das wandelnde Schloss;Das Haus der tausend Räume;Der Palast im Himmel;;;
Sister of the Stars;Sister of the Night;Sister of the Moon;;;
Das Haus der tausend Räume;Das wandelnde Schloss;Der Palast im Himmel;;;
Lodernde Schwingen;Eisige Wellen;Goldene Flammen;;;
Sister of the Night;Sister of the Stars;Sister of the Moon;;;
Eisige Wellen;Goldene Flammen;Lodernde Schwingen;;;
Goldene Flammen;Eisige Wellen;Lodernde Schwingen;;;
